case,label,organ,dice
s0291,10,lung_upper_lobe_left,0.0369
s0291,11,lung_lower_lobe_left,0.4218
s0291,13,lung_middle_lobe_right,0.0
s0291,14,lung_lower_lobe_right,0.7317
s0081,10,lung_upper_lobe_left,0.9381
s0081,12,lung_upper_lobe_right,0.8372
s0001,11,lung_lower_lobe_left,0.8062
s0001,13,lung_middle_lobe_right,0.0
s0001,14,lung_lower_lobe_right,0.3378
s0151,11,lung_lower_lobe_left,0.0646
s0151,14,lung_lower_lobe_right,0.3147
s0328,10,lung_upper_lobe_left,0.0239
s0328,11,lung_lower_lobe_left,0.4983
s0328,13,lung_middle_lobe_right,0.6142
s0328,14,lung_lower_lobe_right,0.2922
s0236,10,lung_upper_lobe_left,0.486
s0236,11,lung_lower_lobe_left,0.7868
s0236,12,lung_upper_lobe_right,0.0
s0236,13,lung_middle_lobe_right,0.1003
s0236,14,lung_lower_lobe_right,0.6645
s0056,10,lung_upper_lobe_left,0.9073
s0056,12,lung_upper_lobe_right,0.9382
s0132,10,lung_upper_lobe_left,0.0196
s0132,11,lung_lower_lobe_left,0.0
s0132,12,lung_upper_lobe_right,0.0
s0132,13,lung_middle_lobe_right,0.0
s0132,14,lung_lower_lobe_right,0.0163
s0168,10,lung_upper_lobe_left,0.4723
s0168,11,lung_lower_lobe_left,0.8286
s0168,13,lung_middle_lobe_right,0.651
s0168,14,lung_lower_lobe_right,0.5489
s0024,10,lung_upper_lobe_left,0.7499
s0024,11,lung_lower_lobe_left,0.7303
s0024,12,lung_upper_lobe_right,0.7725
s0024,13,lung_middle_lobe_right,0.8775
s0024,14,lung_lower_lobe_right,0.6494
s0326,10,lung_upper_lobe_left,0.9502
s0326,11,lung_lower_lobe_left,0.6824
s0326,12,lung_upper_lobe_right,0.9681
s0326,13,lung_middle_lobe_right,0.0
s0326,14,lung_lower_lobe_right,0.8251
s0292,10,lung_upper_lobe_left,0.9745
s0292,11,lung_lower_lobe_left,0.0
s0292,12,lung_upper_lobe_right,0.9841
s0050,10,lung_upper_lobe_left,0.8996
s0050,11,lung_lower_lobe_left,0.8189
s0050,12,lung_upper_lobe_right,0.9371
s0050,13,lung_middle_lobe_right,0.8301
s0050,14,lung_lower_lobe_right,0.8042
s0169,10,lung_upper_lobe_left,0.9484
s0169,11,lung_lower_lobe_left,0.3368
s0169,12,lung_upper_lobe_right,0.8374
s0069,10,lung_upper_lobe_left,0.0
s0069,11,lung_lower_lobe_left,0.0
s0069,13,lung_middle_lobe_right,0.0
s0069,14,lung_lower_lobe_right,0.0017
s0212,10,lung_upper_lobe_left,0.4635
s0212,11,lung_lower_lobe_left,0.0727
s0212,12,lung_upper_lobe_right,0.0
s0212,13,lung_middle_lobe_right,0.8137
s0212,14,lung_lower_lobe_right,0.6881
s0319,10,lung_upper_lobe_left,0.4166
s0319,11,lung_lower_lobe_left,0.5721
s0319,12,lung_upper_lobe_right,0.0
s0319,13,lung_middle_lobe_right,0.3785
s0319,14,lung_lower_lobe_right,0.4209
s0163,10,lung_upper_lobe_left,0.4233
s0163,11,lung_lower_lobe_left,0.1354
s0163,12,lung_upper_lobe_right,0.6583
s0163,13,lung_middle_lobe_right,0.5513
s0163,14,lung_lower_lobe_right,0.6279
s0045,10,lung_upper_lobe_left,0.6976
s0045,11,lung_lower_lobe_left,0.8003
s0045,12,lung_upper_lobe_right,0.0003
s0045,13,lung_middle_lobe_right,0.3025
s0045,14,lung_lower_lobe_right,0.7001
s0038,10,lung_upper_lobe_left,0.1844
s0038,11,lung_lower_lobe_left,0.7725
s0038,13,lung_middle_lobe_right,0.1606
s0038,14,lung_lower_lobe_right,0.4405
s0233,11,lung_lower_lobe_left,0.0103
s0211,10,lung_upper_lobe_left,0.1261
s0211,11,lung_lower_lobe_left,0.7276
s0211,12,lung_upper_lobe_right,0.0
s0211,13,lung_middle_lobe_right,0.0
s0211,14,lung_lower_lobe_right,0.3872
s0192,10,lung_upper_lobe_left,0.0029
s0192,11,lung_lower_lobe_left,0.7561
s0192,13,lung_middle_lobe_right,0.0644
s0192,14,lung_lower_lobe_right,0.6506
s0306,10,lung_upper_lobe_left,0.0
s0306,11,lung_lower_lobe_left,0.7642
s0306,13,lung_middle_lobe_right,0.0
s0306,14,lung_lower_lobe_right,0.7136
s0253,10,lung_upper_lobe_left,0.4618
s0253,11,lung_lower_lobe_left,0.1736
s0253,12,lung_upper_lobe_right,0.6491
s0253,13,lung_middle_lobe_right,0.4343
s0253,14,lung_lower_lobe_right,0.4038
s0042,10,lung_upper_lobe_left,0.2669
s0042,11,lung_lower_lobe_left,0.4348
s0042,13,lung_middle_lobe_right,0.3723
s0042,14,lung_lower_lobe_right,0.5498
s0043,10,lung_upper_lobe_left,0.3649
s0043,12,lung_upper_lobe_right,0.3631
s0162,10,lung_upper_lobe_left,0.6956
s0162,11,lung_lower_lobe_left,0.5781
s0162,12,lung_upper_lobe_right,0.9494
s0162,13,lung_middle_lobe_right,0.8173
s0162,14,lung_lower_lobe_right,0.7702
s0235,10,lung_upper_lobe_left,0.2338
s0235,11,lung_lower_lobe_left,0.816
s0235,13,lung_middle_lobe_right,0.7496
s0235,14,lung_lower_lobe_right,0.6313
s0342,10,lung_upper_lobe_left,0.3134
s0342,11,lung_lower_lobe_left,0.8788
s0342,13,lung_middle_lobe_right,0.7947
s0342,14,lung_lower_lobe_right,0.6872
s0334,10,lung_upper_lobe_left,0.8358
s0334,11,lung_lower_lobe_left,0.0268
s0334,12,lung_upper_lobe_right,0.8834
s0334,13,lung_middle_lobe_right,0.8278
s0334,14,lung_lower_lobe_right,0.6301
s0227,10,lung_upper_lobe_left,0.0093
s0227,11,lung_lower_lobe_left,0.4146
s0227,13,lung_middle_lobe_right,0.0
s0227,14,lung_lower_lobe_right,0.0099
s0123,10,lung_upper_lobe_left,0.7797
s0123,11,lung_lower_lobe_left,0.6859
s0123,12,lung_upper_lobe_right,0.9187
s0123,13,lung_middle_lobe_right,0.8323
s0123,14,lung_lower_lobe_right,0.6977
s0247,10,lung_upper_lobe_left,0.0868
s0247,11,lung_lower_lobe_left,0.7888
s0247,13,lung_middle_lobe_right,0.133
s0247,14,lung_lower_lobe_right,0.0048
s0305,10,lung_upper_lobe_left,0.2541
s0305,11,lung_lower_lobe_left,0.7052
s0305,12,lung_upper_lobe_right,0.0
s0305,13,lung_middle_lobe_right,0.1733
s0305,14,lung_lower_lobe_right,0.1953
s0145,10,lung_upper_lobe_left,0.8675
s0145,11,lung_lower_lobe_left,0.7722
s0145,12,lung_upper_lobe_right,0.8608
s0145,13,lung_middle_lobe_right,0.5921
s0145,14,lung_lower_lobe_right,0.7967
s0331,10,lung_upper_lobe_left,0.7212
s0331,11,lung_lower_lobe_left,0.2201
s0331,12,lung_upper_lobe_right,0.725
s0331,13,lung_middle_lobe_right,0.5881
s0331,14,lung_lower_lobe_right,0.518
s0089,10,lung_upper_lobe_left,0.0435
s0089,11,lung_lower_lobe_left,0.7832
s0089,13,lung_middle_lobe_right,0.4183
s0089,14,lung_lower_lobe_right,0.5893
s0035,10,lung_upper_lobe_left,0.6385
s0035,11,lung_lower_lobe_left,0.0317
s0035,12,lung_upper_lobe_right,0.5387
s0035,13,lung_middle_lobe_right,0.3106
s0035,14,lung_lower_lobe_right,0.6789
s0213,10,lung_upper_lobe_left,0.164
s0213,11,lung_lower_lobe_left,0.7943
s0213,13,lung_middle_lobe_right,0.878
s0213,14,lung_lower_lobe_right,0.4867
s0353,11,lung_lower_lobe_left,0.6914
s0353,13,lung_middle_lobe_right,0.2135
s0353,14,lung_lower_lobe_right,0.8237
s0223,10,lung_upper_lobe_left,0.7814
s0223,11,lung_lower_lobe_left,0.5575
s0223,12,lung_upper_lobe_right,0.8278
s0223,13,lung_middle_lobe_right,0.6507
s0223,14,lung_lower_lobe_right,0.6442
s0355,10,lung_upper_lobe_left,0.6725
s0355,11,lung_lower_lobe_left,0.6983
s0355,13,lung_middle_lobe_right,0.1761
s0355,14,lung_lower_lobe_right,0.3098
s0052,10,lung_upper_lobe_left,0.0001
s0052,11,lung_lower_lobe_left,0.6892
s0052,13,lung_middle_lobe_right,0.0829
s0052,14,lung_lower_lobe_right,0.5618
s0243,10,lung_upper_lobe_left,0.3647
s0243,11,lung_lower_lobe_left,0.7347
s0243,13,lung_middle_lobe_right,0.0491
s0243,14,lung_lower_lobe_right,0.4214
s0108,10,lung_upper_lobe_left,0.3045
s0108,11,lung_lower_lobe_left,0.6787
s0108,13,lung_middle_lobe_right,0.0
s0108,14,lung_lower_lobe_right,0.3164
s0086,10,lung_upper_lobe_left,0.0009
s0086,11,lung_lower_lobe_left,0.0
s0086,12,lung_upper_lobe_right,0.108
s0086,13,lung_middle_lobe_right,0.0956
s0086,14,lung_lower_lobe_right,0.2164
s0107,10,lung_upper_lobe_left,0.1741
s0107,11,lung_lower_lobe_left,0.0781
s0107,12,lung_upper_lobe_right,0.0
s0107,13,lung_middle_lobe_right,0.0966
s0107,14,lung_lower_lobe_right,0.1152
s0304,10,lung_upper_lobe_left,0.0
s0304,11,lung_lower_lobe_left,0.6839
s0304,14,lung_lower_lobe_right,0.5992
s0344,10,lung_upper_lobe_left,0.7334
s0344,11,lung_lower_lobe_left,0.6832
s0344,12,lung_upper_lobe_right,0.7
s0344,13,lung_middle_lobe_right,0.4212
s0344,14,lung_lower_lobe_right,0.5273
s0262,10,lung_upper_lobe_left,0.0514
s0262,11,lung_lower_lobe_left,0.0228
s0262,12,lung_upper_lobe_right,0.0
s0262,13,lung_middle_lobe_right,0.158
s0262,14,lung_lower_lobe_right,0.0926
s0012,10,lung_upper_lobe_left,0.7628
s0012,11,lung_lower_lobe_left,0.9155
s0012,12,lung_upper_lobe_right,0.1019
s0012,13,lung_middle_lobe_right,0.7489
s0012,14,lung_lower_lobe_right,0.8269
s0245,10,lung_upper_lobe_left,0.2546
s0245,11,lung_lower_lobe_left,0.7562
s0245,12,lung_upper_lobe_right,0.0
s0245,13,lung_middle_lobe_right,0.1805
s0245,14,lung_lower_lobe_right,0.325
s0314,10,lung_upper_lobe_left,0.0
s0314,11,lung_lower_lobe_left,0.0001
s0314,13,lung_middle_lobe_right,0.0
s0314,14,lung_lower_lobe_right,0.0
s0242,10,lung_upper_lobe_left,0.0
s0242,11,lung_lower_lobe_left,0.0
s0242,13,lung_middle_lobe_right,0.0
s0147,10,lung_upper_lobe_left,0.1986
s0147,11,lung_lower_lobe_left,0.6853
s0147,12,lung_upper_lobe_right,0.0
s0147,13,lung_middle_lobe_right,0.3809
s0147,14,lung_lower_lobe_right,0.5456
s0221,14,lung_lower_lobe_right,0.0
